-- phpMyAdmin SQL Dump
-- version 4.7.4
-- https://www.phpmyadmin.net/
--
-- Host: 127.0.0.1
-- Generation Time: Jun 17, 2019 at 07:32 AM
-- Server version: 10.1.28-MariaDB
-- PHP Version: 5.6.32

SET SQL_MODE = "NO_AUTO_VALUE_ON_ZERO";
SET AUTOCOMMIT = 0;
START TRANSACTION;
SET time_zone = "+00:00";


/*!40101 SET @OLD_CHARACTER_SET_CLIENT=@@CHARACTER_SET_CLIENT */;
/*!40101 SET @OLD_CHARACTER_SET_RESULTS=@@CHARACTER_SET_RESULTS */;
/*!40101 SET @OLD_COLLATION_CONNECTION=@@COLLATION_CONNECTION */;
/*!40101 SET NAMES utf8mb4 */;

--
-- Database: `sim_penjualan`
--

-- --------------------------------------------------------

--
-- Table structure for table `pj_akses`
--

CREATE TABLE `pj_akses` (
  `id_akses` tinyint(1) UNSIGNED NOT NULL,
  `label` varchar(10) NOT NULL,
  `level_akses` varchar(15) NOT NULL
) ENGINE=MyISAM DEFAULT CHARSET=latin1;

--
-- Dumping data for table `pj_akses`
--

INSERT INTO `pj_akses` (`id_akses`, `label`, `level_akses`) VALUES
(1, 'admin', 'Administrator'),
(2, 'kasir', 'Staff Kasir');

-- --------------------------------------------------------

--
-- Table structure for table `pj_barang`
--

CREATE TABLE `pj_barang` (
  `id_barang` int(1) UNSIGNED NOT NULL,
  `kode_barang` varchar(40) NOT NULL,
  `nama_barang` varchar(60) NOT NULL,
  `total_stok` mediumint(1) UNSIGNED NOT NULL,
  `harga` decimal(10,0) NOT NULL,
  `id_kategori_barang` mediumint(1) UNSIGNED NOT NULL,
  `id_merk_barang` mediumint(1) UNSIGNED DEFAULT NULL,
  `keterangan` text NOT NULL,
  `dihapus` enum('tidak','ya') NOT NULL
) ENGINE=MyISAM DEFAULT CHARSET=latin1;

--
-- Dumping data for table `pj_barang`
--

INSERT INTO `pj_barang` (`id_barang`, `kode_barang`, `nama_barang`, `total_stok`, `harga`, `id_kategori_barang`, `id_merk_barang`, `keterangan`, `dihapus`) VALUES
(1, '0001', 'Cincin Berlian', 4, '400000', 1, 2, '', 'tidak'),
(2, '0002', 'Cincin Slim', 6, '120000', 3, 6, '', 'tidak'),
(3, '0003', 'Kalung Majesyt', 2, '350000', 2, 3, '', 'tidak'),
(4, '0004', 'Gelang Rantai', 4, '35000', 3, 5, '', 'tidak'),
(11, '0005', 'Anting Besar', 2, '30000', 3, 2, '', 'tidak'),
(12, '0006', 'Liontin Helo Kitty', 3, '20000', 3, 1, '', 'tidak'),
(13, '0007', 'Anting ayu Ting ting', 2, '3000', 3, 1, '', 'tidak'),
(14, '0008', 'Kalung Malung', 2, '2000', 3, 1, '', 'tidak'),
(16, '0009', 'Liontin Cantik', 6, '3000', 4, 3, '', 'tidak'),
(17, '00010', 'Kalung Syahrini Cantik', 1, '90000', 4, 2, '', 'tidak');

-- --------------------------------------------------------

--
-- Table structure for table `pj_ci_sessions`
--

CREATE TABLE `pj_ci_sessions` (
  `id` varchar(40) NOT NULL,
  `ip_address` varchar(45) NOT NULL,
  `timestamp` int(10) UNSIGNED NOT NULL DEFAULT '0',
  `data` blob NOT NULL
) ENGINE=InnoDB DEFAULT CHARSET=latin1;

--
-- Dumping data for table `pj_ci_sessions`
--

INSERT INTO `pj_ci_sessions` (`id`, `ip_address`, `timestamp`, `data`) VALUES
('e7e24e3ac13239fc5dbb89cb6dd8868f044b64d7', '::1', 1558967722, 0x5f5f63695f6c6173745f726567656e65726174657c693a313535383936373432383b61705f69645f757365727c733a313a2232223b61705f70617373776f72647c733a34303a2238363931653466633533623939646135343463653836653232616362613632643133333532656666223b61705f6e616d617c733a373a2243656e74696e69223b61705f6c6576656c7c733a353a226b61736972223b61705f6c6576656c5f63617074696f6e7c733a31313a225374616666204b61736972223b),
('e46953ae79de1d93cb8afb7c5b8883161d58ba39', '::1', 1558967729, 0x5f5f63695f6c6173745f726567656e65726174657c693a313535383936373732393b),
('a1d9c877a921422722a44d26f7d807302e097d30', '::1', 1558970038, 0x5f5f63695f6c6173745f726567656e65726174657c693a313535383937303032383b61705f69645f757365727c733a313a2231223b61705f70617373776f72647c733a34303a2264303333653232616533343861656235363630666332313430616563333538353063346461393937223b61705f6e616d617c733a31303a2242616e672041646d696e223b61705f6c6576656c7c733a353a2261646d696e223b61705f6c6576656c5f63617074696f6e7c733a31333a2241646d696e6973747261746f72223b),
('46d0a3ee7be68e2f5e1436f0ff7500179e629b98', '::1', 1559477881, 0x5f5f63695f6c6173745f726567656e65726174657c693a313535393437373539373b61705f69645f757365727c733a313a2231223b61705f70617373776f72647c733a34303a2264303333653232616533343861656235363630666332313430616563333538353063346461393937223b61705f6e616d617c733a31303a2242616e672041646d696e223b61705f6c6576656c7c733a353a2261646d696e223b61705f6c6576656c5f63617074696f6e7c733a31333a2241646d696e6973747261746f72223b),
('236d71589dd26ec61acebc33872194aed7093f12', '::1', 1559478027, 0x5f5f63695f6c6173745f726567656e65726174657c693a313535393437383031353b61705f69645f757365727c733a313a2231223b61705f70617373776f72647c733a34303a2264303333653232616533343861656235363630666332313430616563333538353063346461393937223b61705f6e616d617c733a31303a2242616e672041646d696e223b61705f6c6576656c7c733a353a2261646d696e223b61705f6c6576656c5f63617074696f6e7c733a31333a2241646d696e6973747261746f72223b),
('6fee88468c95a6c648af039824617cd4a279206f', '::1', 1559479130, 0x5f5f63695f6c6173745f726567656e65726174657c693a313535393437383432353b61705f69645f757365727c733a313a2231223b61705f70617373776f72647c733a34303a2264303333653232616533343861656235363630666332313430616563333538353063346461393937223b61705f6e616d617c733a31303a2242616e672041646d696e223b61705f6c6576656c7c733a353a2261646d696e223b61705f6c6576656c5f63617074696f6e7c733a31333a2241646d696e6973747261746f72223b),
('9e290d6755e3677545649ee460e6eb03edbcc4a1', '::1', 1559480219, 0x5f5f63695f6c6173745f726567656e65726174657c693a313535393437393133303b61705f69645f757365727c733a313a2231223b61705f70617373776f72647c733a34303a2264303333653232616533343861656235363630666332313430616563333538353063346461393937223b61705f6e616d617c733a31303a2242616e672041646d696e223b61705f6c6576656c7c733a353a2261646d696e223b61705f6c6576656c5f63617074696f6e7c733a31333a2241646d696e6973747261746f72223b),
('7bb376bdcb56dbcfc0a707760f9f432ed75ad09a', '::1', 1559480219, 0x5f5f63695f6c6173745f726567656e65726174657c693a313535393438303231393b61705f69645f757365727c733a313a2231223b61705f70617373776f72647c733a34303a2264303333653232616533343861656235363630666332313430616563333538353063346461393937223b61705f6e616d617c733a31303a2242616e672041646d696e223b61705f6c6576656c7c733a353a2261646d696e223b61705f6c6576656c5f63617074696f6e7c733a31333a2241646d696e6973747261746f72223b),
('4e6a8f01e178357fb4af3c18df4cf3f8824108e4', '::1', 1559578433, 0x5f5f63695f6c6173745f726567656e65726174657c693a313535393537383338313b),
('01d6b42245ffd09475079d32d7a62f1257aa5e26', '::1', 1559579172, 0x5f5f63695f6c6173745f726567656e65726174657c693a313535393537393036313b),
('df2af9b3b43df1bd04459d9c083e6815ccdb3fc6', '::1', 1559579920, 0x5f5f63695f6c6173745f726567656e65726174657c693a313535393537393638313b),
('4c86117c4b3b1fb7a6a47225ff07ebd977772386', '::1', 1559580232, 0x5f5f63695f6c6173745f726567656e65726174657c693a313535393538303031343b),
('02879201ab5b7c19d61e0d237c929bb3dcf529e9', '::1', 1559580540, 0x5f5f63695f6c6173745f726567656e65726174657c693a313535393538303334333b61705f69645f757365727c733a313a2231223b61705f70617373776f72647c733a34303a2264303333653232616533343861656235363630666332313430616563333538353063346461393937223b61705f6e616d617c733a31303a2242616e672041646d696e223b61705f6c6576656c7c733a353a2261646d696e223b61705f6c6576656c5f63617074696f6e7c733a31333a2241646d696e6973747261746f72223b),
('41b41900b35e08076c44d13f08d36fb1f123d8a0', '::1', 1559580992, 0x5f5f63695f6c6173745f726567656e65726174657c693a313535393538303730333b61705f69645f757365727c733a313a2231223b61705f70617373776f72647c733a34303a2264303333653232616533343861656235363630666332313430616563333538353063346461393937223b61705f6e616d617c733a31333a2241646d696e6973747261746f72223b61705f6c6576656c7c733a353a2261646d696e223b61705f6c6576656c5f63617074696f6e7c733a31333a2241646d696e6973747261746f72223b),
('fb3f8e08032f91ba5bbfc260cf65554bf2f5bae8', '::1', 1559581198, 0x5f5f63695f6c6173745f726567656e65726174657c693a313535393538313037393b61705f69645f757365727c733a313a2231223b61705f70617373776f72647c733a34303a2264303333653232616533343861656235363630666332313430616563333538353063346461393937223b61705f6e616d617c733a31333a2241646d696e6973747261746f72223b61705f6c6576656c7c733a353a2261646d696e223b61705f6c6576656c5f63617074696f6e7c733a31333a2241646d696e6973747261746f72223b),
('d9d3d224043abc7a56d9c52c760d8b32f7b07cae', '::1', 1559581708, 0x5f5f63695f6c6173745f726567656e65726174657c693a313535393538313538313b),
('f8d44b424c4ebf5eec969ec157289970aad3d2bc', '::1', 1560404004, 0x5f5f63695f6c6173745f726567656e65726174657c693a313536303430333732333b61705f69645f757365727c733a313a2231223b61705f70617373776f72647c733a34303a2264303333653232616533343861656235363630666332313430616563333538353063346461393937223b61705f6e616d617c733a31333a2241646d696e6973747261746f72223b61705f6c6576656c7c733a353a2261646d696e223b61705f6c6576656c5f63617074696f6e7c733a31333a2241646d696e6973747261746f72223b),
('3fe962ad0010171d40156d62021da0b5b1fa7e5f', '::1', 1560404265, 0x5f5f63695f6c6173745f726567656e65726174657c693a313536303430343130313b61705f69645f757365727c733a313a2231223b61705f70617373776f72647c733a34303a2264303333653232616533343861656235363630666332313430616563333538353063346461393937223b61705f6e616d617c733a31333a2241646d696e6973747261746f72223b61705f6c6576656c7c733a353a2261646d696e223b61705f6c6576656c5f63617074696f6e7c733a31333a2241646d696e6973747261746f72223b),
('09b3e7655b772563672d4f4e6652688aa020414d', '::1', 1560570541, 0x5f5f63695f6c6173745f726567656e65726174657c693a313536303537303534313b),
('8131a9b988a598ca3260215f56afbb3b5dd93027', '::1', 1560570656, 0x5f5f63695f6c6173745f726567656e65726174657c693a313536303537303534313b61705f69645f757365727c733a313a2231223b61705f70617373776f72647c733a34303a2264303333653232616533343861656235363630666332313430616563333538353063346461393937223b61705f6e616d617c733a31333a2241646d696e6973747261746f72223b61705f6c6576656c7c733a353a2261646d696e223b61705f6c6576656c5f63617074696f6e7c733a31333a2241646d696e6973747261746f72223b),
('852eeba5ab34f49d535a13bbbcaaae1a63855ccf', '::1', 1560592714, 0x5f5f63695f6c6173745f726567656e65726174657c693a313536303539313734343b61705f69645f757365727c733a313a2231223b61705f70617373776f72647c733a34303a2264303333653232616533343861656235363630666332313430616563333538353063346461393937223b61705f6e616d617c733a31333a2241646d696e6973747261746f72223b61705f6c6576656c7c733a353a2261646d696e223b61705f6c6576656c5f63617074696f6e7c733a31333a2241646d696e6973747261746f72223b),
('b11ad3b0fefb1844ef5836436ee1aa8c1159d53d', '::1', 1560592926, 0x5f5f63695f6c6173745f726567656e65726174657c693a313536303539323731343b61705f69645f757365727c733a313a2232223b61705f70617373776f72647c733a34303a2238363931653466633533623939646135343463653836653232616362613632643133333532656666223b61705f6e616d617c733a373a2243656e74696e69223b61705f6c6576656c7c733a353a226b61736972223b61705f6c6576656c5f63617074696f6e7c733a31313a225374616666204b61736972223b),
('e25a1a217fa1a70f4c21cebd1ec0d01a67881fb1', '::1', 1560593527, 0x5f5f63695f6c6173745f726567656e65726174657c693a313536303539333233393b61705f69645f757365727c733a313a2232223b61705f70617373776f72647c733a34303a2238363931653466633533623939646135343463653836653232616362613632643133333532656666223b61705f6e616d617c733a373a2243656e74696e69223b61705f6c6576656c7c733a353a226b61736972223b61705f6c6576656c5f63617074696f6e7c733a31313a225374616666204b61736972223b),
('c58067b1fb6aa953f4857e26f398a36887ee84b5', '::1', 1560593751, 0x5f5f63695f6c6173745f726567656e65726174657c693a313536303539333539383b61705f69645f757365727c733a313a2231223b61705f70617373776f72647c733a34303a2264303333653232616533343861656235363630666332313430616563333538353063346461393937223b61705f6e616d617c733a31333a2241646d696e6973747261746f72223b61705f6c6576656c7c733a353a2261646d696e223b61705f6c6576656c5f63617074696f6e7c733a31333a2241646d696e6973747261746f72223b),
('9b6d9511544ef1d0080290faa6be1479110d3903', '::1', 1560594305, 0x5f5f63695f6c6173745f726567656e65726174657c693a313536303539343030393b61705f69645f757365727c733a313a2231223b61705f70617373776f72647c733a34303a2264303333653232616533343861656235363630666332313430616563333538353063346461393937223b61705f6e616d617c733a31333a2241646d696e6973747261746f72223b61705f6c6576656c7c733a353a2261646d696e223b61705f6c6576656c5f63617074696f6e7c733a31333a2241646d696e6973747261746f72223b),
('0f59cd86fd4ec484145e2942c2f7e4b79c884a43', '::1', 1560594026, 0x5f5f63695f6c6173745f726567656e65726174657c693a313536303539343032363b),
('a7fbcc3674e2d3f44b45dc6dafabf9397667b76c', '::1', 1560594612, 0x5f5f63695f6c6173745f726567656e65726174657c693a313536303539343333383b61705f69645f757365727c733a313a2231223b61705f70617373776f72647c733a34303a2264303333653232616533343861656235363630666332313430616563333538353063346461393937223b61705f6e616d617c733a31333a2241646d696e6973747261746f72223b61705f6c6576656c7c733a353a2261646d696e223b61705f6c6576656c5f63617074696f6e7c733a31333a2241646d696e6973747261746f72223b),
('a9ff70d95539bb4b47276bcb0833ea65c7d95cdd', '::1', 1560594718, 0x5f5f63695f6c6173745f726567656e65726174657c693a313536303539343731383b61705f69645f757365727c733a313a2231223b61705f70617373776f72647c733a34303a2264303333653232616533343861656235363630666332313430616563333538353063346461393937223b61705f6e616d617c733a31333a2241646d696e6973747261746f72223b61705f6c6576656c7c733a353a2261646d696e223b61705f6c6576656c5f63617074696f6e7c733a31333a2241646d696e6973747261746f72223b),
('c3b66b8c749108f1bb96a8c7d6d51b0c4c5854fb', '::1', 1560594798, 0x5f5f63695f6c6173745f726567656e65726174657c693a313536303539343739383b),
('49cc8eeee544494295deaa553e66f08f55659e40', '::1', 1560742189, 0x5f5f63695f6c6173745f726567656e65726174657c693a313536303734323130353b61705f69645f757365727c733a313a2231223b61705f70617373776f72647c733a34303a2264303333653232616533343861656235363630666332313430616563333538353063346461393937223b61705f6e616d617c733a31333a2241646d696e6973747261746f72223b61705f6c6576656c7c733a353a2261646d696e223b61705f6c6576656c5f63617074696f6e7c733a31333a2241646d696e6973747261746f72223b),
('173b9f0d673a0c1c64b99b4da16d569356b0d001', '::1', 1560742930, 0x5f5f63695f6c6173745f726567656e65726174657c693a313536303734323637303b61705f69645f757365727c733a313a2231223b61705f70617373776f72647c733a34303a2264303333653232616533343861656235363630666332313430616563333538353063346461393937223b61705f6e616d617c733a31333a2241646d696e6973747261746f72223b61705f6c6576656c7c733a353a2261646d696e223b61705f6c6576656c5f63617074696f6e7c733a31333a2241646d696e6973747261746f72223b),
('8314ebdf2a7ec908eba7fd82af1df3a9f2c83aa1', '::1', 1560743219, 0x5f5f63695f6c6173745f726567656e65726174657c693a313536303734333031333b61705f69645f757365727c733a313a2231223b61705f70617373776f72647c733a34303a2264303333653232616533343861656235363630666332313430616563333538353063346461393937223b61705f6e616d617c733a31333a2241646d696e6973747261746f72223b61705f6c6576656c7c733a353a2261646d696e223b61705f6c6576656c5f63617074696f6e7c733a31333a2241646d696e6973747261746f72223b),
('2ddb7b08e925f57b95b611fd0fecc0306bba4872', '::1', 1560744027, 0x5f5f63695f6c6173745f726567656e65726174657c693a313536303734333734383b61705f69645f757365727c733a313a2232223b61705f70617373776f72647c733a34303a2238363931653466633533623939646135343463653836653232616362613632643133333532656666223b61705f6e616d617c733a373a2243656e74696e69223b61705f6c6576656c7c733a353a226b61736972223b61705f6c6576656c5f63617074696f6e7c733a31313a225374616666204b61736972223b),
('3971df3010f1b92e1dc87e98de0da83057ef01ab', '::1', 1560744323, 0x5f5f63695f6c6173745f726567656e65726174657c693a313536303734343039353b61705f69645f757365727c733a313a2232223b61705f70617373776f72647c733a34303a2238363931653466633533623939646135343463653836653232616362613632643133333532656666223b61705f6e616d617c733a373a2243656e74696e69223b61705f6c6576656c7c733a353a226b61736972223b61705f6c6576656c5f63617074696f6e7c733a31313a225374616666204b61736972223b),
('b863503a7d8cd9e4a1cf521e0130f0676fce487c', '::1', 1560744706, 0x5f5f63695f6c6173745f726567656e65726174657c693a313536303734343436323b61705f69645f757365727c733a313a2232223b61705f70617373776f72647c733a34303a2238363931653466633533623939646135343463653836653232616362613632643133333532656666223b61705f6e616d617c733a373a2243656e74696e69223b61705f6c6576656c7c733a353a226b61736972223b61705f6c6576656c5f63617074696f6e7c733a31313a225374616666204b61736972223b),
('0039365867d2dd0c14bb5c2820d08dde20f0382f', '::1', 1560745800, 0x5f5f63695f6c6173745f726567656e65726174657c693a313536303734343837323b61705f69645f757365727c733a313a2231223b61705f70617373776f72647c733a34303a2264303333653232616533343861656235363630666332313430616563333538353063346461393937223b61705f6e616d617c733a31333a2241646d696e6973747261746f72223b61705f6c6576656c7c733a353a2261646d696e223b61705f6c6576656c5f63617074696f6e7c733a31333a2241646d696e6973747261746f72223b),
('eb433a21142a7b6570e8203adde3f514af16feb0', '::1', 1560746184, 0x5f5f63695f6c6173745f726567656e65726174657c693a313536303734353932333b61705f69645f757365727c733a313a2231223b61705f70617373776f72647c733a34303a2264303333653232616533343861656235363630666332313430616563333538353063346461393937223b61705f6e616d617c733a31333a2241646d696e6973747261746f72223b61705f6c6576656c7c733a353a2261646d696e223b61705f6c6576656c5f63617074696f6e7c733a31333a2241646d696e6973747261746f72223b),
('8e27082a2b2e73c6d3434dbc4c72b9be7928bf76', '::1', 1560746488, 0x5f5f63695f6c6173745f726567656e65726174657c693a313536303734363338353b61705f69645f757365727c733a313a2231223b61705f70617373776f72647c733a34303a2264303333653232616533343861656235363630666332313430616563333538353063346461393937223b61705f6e616d617c733a31333a2241646d696e6973747261746f72223b61705f6c6576656c7c733a353a2261646d696e223b61705f6c6576656c5f63617074696f6e7c733a31333a2241646d696e6973747261746f72223b),
('a62b32c4d7fee67be357535250a0dc61dc0ba35d', '::1', 1560747043, 0x5f5f63695f6c6173745f726567656e65726174657c693a313536303734363734333b61705f69645f757365727c733a313a2231223b61705f70617373776f72647c733a34303a2264303333653232616533343861656235363630666332313430616563333538353063346461393937223b61705f6e616d617c733a31333a2241646d696e6973747261746f72223b61705f6c6576656c7c733a353a2261646d696e223b61705f6c6576656c5f63617074696f6e7c733a31333a2241646d696e6973747261746f72223b),
('b7293c44103a3fc0994553a869722e4fc95d77bf', '::1', 1560747366, 0x5f5f63695f6c6173745f726567656e65726174657c693a313536303734373130303b61705f69645f757365727c733a313a2231223b61705f70617373776f72647c733a34303a2264303333653232616533343861656235363630666332313430616563333538353063346461393937223b61705f6e616d617c733a31333a2241646d696e6973747261746f72223b61705f6c6576656c7c733a353a2261646d696e223b61705f6c6576656c5f63617074696f6e7c733a31333a2241646d696e6973747261746f72223b),
('a4a7c0a6703af9c99675227d794667fd6ab3e36a', '::1', 1560747494, 0x5f5f63695f6c6173745f726567656e65726174657c693a313536303734373439333b61705f69645f757365727c733a313a2231223b61705f70617373776f72647c733a34303a2264303333653232616533343861656235363630666332313430616563333538353063346461393937223b61705f6e616d617c733a31333a2241646d696e6973747261746f72223b61705f6c6576656c7c733a353a2261646d696e223b61705f6c6576656c5f63617074696f6e7c733a31333a2241646d696e6973747261746f72223b),
('ae7ac524ecdb835816b5c73a3bb898328bf2693b', '::1', 1560747917, 0x5f5f63695f6c6173745f726567656e65726174657c693a313536303734373836303b61705f69645f757365727c733a313a2231223b61705f70617373776f72647c733a34303a2264303333653232616533343861656235363630666332313430616563333538353063346461393937223b61705f6e616d617c733a31333a2241646d696e6973747261746f72223b61705f6c6576656c7c733a353a2261646d696e223b61705f6c6576656c5f63617074696f6e7c733a31333a2241646d696e6973747261746f72223b),
('20499497c567377ccd3a6a6d5a72c79b430cdf12', '::1', 1560748634, 0x5f5f63695f6c6173745f726567656e65726174657c693a313536303734383339373b61705f69645f757365727c733a313a2231223b61705f70617373776f72647c733a34303a2264303333653232616533343861656235363630666332313430616563333538353063346461393937223b61705f6e616d617c733a31333a2241646d696e6973747261746f72223b61705f6c6576656c7c733a353a2261646d696e223b61705f6c6576656c5f63617074696f6e7c733a31333a2241646d696e6973747261746f72223b),
('f5ac54f9d18153307caae05a6dedcc2988ebb84f', '::1', 1560748869, 0x5f5f63695f6c6173745f726567656e65726174657c693a313536303734383831343b61705f69645f757365727c733a313a2231223b61705f70617373776f72647c733a34303a2264303333653232616533343861656235363630666332313430616563333538353063346461393937223b61705f6e616d617c733a31333a2241646d696e6973747261746f72223b61705f6c6576656c7c733a353a2261646d696e223b61705f6c6576656c5f63617074696f6e7c733a31333a2241646d696e6973747261746f72223b);

-- --------------------------------------------------------

--
-- Table structure for table `pj_kategori_barang`
--

CREATE TABLE `pj_kategori_barang` (
  `id_kategori_barang` mediumint(1) UNSIGNED NOT NULL,
  `kategori` varchar(40) NOT NULL,
  `dihapus` enum('tidak','ya') NOT NULL
) ENGINE=MyISAM DEFAULT CHARSET=latin1;

--
-- Dumping data for table `pj_kategori_barang`
--

INSERT INTO `pj_kategori_barang` (`id_kategori_barang`, `kategori`, `dihapus`) VALUES
(1, 'Anting', 'tidak'),
(2, 'Cincin', 'tidak'),
(3, 'Kalung', 'tidak'),
(4, 'Liontin', 'tidak'),
(5, 'Gelang', 'tidak');

-- --------------------------------------------------------

--
-- Table structure for table `pj_merk_barang`
--

CREATE TABLE `pj_merk_barang` (
  `id_merk_barang` mediumint(1) UNSIGNED NOT NULL,
  `merk` varchar(40) NOT NULL,
  `dihapus` enum('tidak','ya') NOT NULL
) ENGINE=MyISAM DEFAULT CHARSET=latin1;

--
-- Dumping data for table `pj_merk_barang`
--

INSERT INTO `pj_merk_barang` (`id_merk_barang`, `merk`, `dihapus`) VALUES
(1, 'Emas Jaya', 'tidak'),
(2, 'Cendrawasih', 'tidak'),
(3, 'Ratu Mustika', 'tidak'),
(4, 'Ratu Arab', 'tidak'),
(5, 'Sumber Jaya', 'tidak'),
(6, 'Jaya Abadi', 'tidak');

-- --------------------------------------------------------

--
-- Table structure for table `pj_pelanggan`
--

CREATE TABLE `pj_pelanggan` (
  `id_pelanggan` mediumint(1) UNSIGNED NOT NULL,
  `nama` varchar(40) NOT NULL,
  `alamat` text,
  `telp` varchar(40) DEFAULT NULL,
  `info_tambahan` text,
  `kode_unik` varchar(30) NOT NULL,
  `waktu_input` datetime NOT NULL,
  `dihapus` enum('tidak','ya') NOT NULL
) ENGINE=MyISAM DEFAULT CHARSET=latin1;

--
-- Dumping data for table `pj_pelanggan`
--

INSERT INTO `pj_pelanggan` (`id_pelanggan`, `nama`, `alamat`, `telp`, `info_tambahan`, `kode_unik`, `waktu_input`, `dihapus`) VALUES
(1, 'Joko Susilo', 'Jalan Kayumanis 2 Baru', '08838493439', '', '', '2019-06-17 02:44:25', 'tidak'),
(2, 'Ahmad Susanto', 'Kemanggisan deket binus', '08524388126', '', '', '2019-06-01 22:44:49', 'tidak'),
(3, 'Dono Sikasino', 'Kayumanis', '08773682882', '', '', '2019-06-12 16:31:47', 'tidak');

-- --------------------------------------------------------

--
-- Table structure for table `pj_penjualan_detail`
--

CREATE TABLE `pj_penjualan_detail` (
  `id_penjualan_d` int(1) UNSIGNED NOT NULL,
  `id_penjualan_m` int(1) UNSIGNED NOT NULL,
  `id_barang` int(1) NOT NULL,
  `jumlah_beli` smallint(1) UNSIGNED NOT NULL,
  `harga_satuan` decimal(10,0) NOT NULL,
  `total` decimal(10,0) NOT NULL
) ENGINE=MyISAM DEFAULT CHARSET=latin1;

--
-- Dumping data for table `pj_penjualan_detail`
--

INSERT INTO `pj_penjualan_detail` (`id_penjualan_d`, `id_penjualan_m`, `id_barang`, `jumlah_beli`, `harga_satuan`, `total`) VALUES
(27, 16, 3, 1, '350000', '350000');

-- --------------------------------------------------------

--
-- Table structure for table `pj_penjualan_master`
--

CREATE TABLE `pj_penjualan_master` (
  `id_penjualan_m` int(1) UNSIGNED NOT NULL,
  `nomor_nota` varchar(40) NOT NULL,
  `tanggal` datetime NOT NULL,
  `grand_total` decimal(10,0) NOT NULL,
  `bayar` decimal(10,0) NOT NULL,
  `keterangan_lain` text,
  `id_pelanggan` mediumint(1) UNSIGNED DEFAULT NULL,
  `id_user` mediumint(1) UNSIGNED NOT NULL
) ENGINE=MyISAM DEFAULT CHARSET=latin1;

--
-- Dumping data for table `pj_penjualan_master`
--

INSERT INTO `pj_penjualan_master` (`id_penjualan_m`, `nomor_nota`, `tanggal`, `grand_total`, `bayar`, `keterangan_lain`, `id_pelanggan`, `id_user`) VALUES
(16, '5D072237057E91', '2019-06-17 07:16:39', '350000', '400000', '', NULL, 1);

-- --------------------------------------------------------

--
-- Table structure for table `pj_user`
--

CREATE TABLE `pj_user` (
  `id_user` mediumint(1) UNSIGNED NOT NULL,
  `username` varchar(40) NOT NULL,
  `password` varchar(60) NOT NULL,
  `nama` varchar(50) NOT NULL,
  `id_akses` tinyint(1) UNSIGNED NOT NULL,
  `status` enum('Aktif','Non Aktif') NOT NULL,
  `dihapus` enum('tidak','ya') NOT NULL
) ENGINE=MyISAM DEFAULT CHARSET=latin1;

--
-- Dumping data for table `pj_user`
--

INSERT INTO `pj_user` (`id_user`, `username`, `password`, `nama`, `id_akses`, `status`, `dihapus`) VALUES
(1, 'admin', 'd033e22ae348aeb5660fc2140aec35850c4da997', 'Administrator', 1, 'Aktif', 'tidak'),
(2, 'kasir', '8691e4fc53b99da544ce86e22acba62d13352eff', 'Kasir', 2, 'Aktif', 'tidak');

--
-- Indexes for dumped tables
--

--
-- Indexes for table `pj_akses`
--
ALTER TABLE `pj_akses`
  ADD PRIMARY KEY (`id_akses`);

--
-- Indexes for table `pj_barang`
--
ALTER TABLE `pj_barang`
  ADD PRIMARY KEY (`id_barang`);

--
-- Indexes for table `pj_ci_sessions`
--
ALTER TABLE `pj_ci_sessions`
  ADD KEY `ci_sessions_timestamp` (`timestamp`);

--
-- Indexes for table `pj_kategori_barang`
--
ALTER TABLE `pj_kategori_barang`
  ADD PRIMARY KEY (`id_kategori_barang`);

--
-- Indexes for table `pj_merk_barang`
--
ALTER TABLE `pj_merk_barang`
  ADD PRIMARY KEY (`id_merk_barang`);

--
-- Indexes for table `pj_pelanggan`
--
ALTER TABLE `pj_pelanggan`
  ADD PRIMARY KEY (`id_pelanggan`);

--
-- Indexes for table `pj_penjualan_detail`
--
ALTER TABLE `pj_penjualan_detail`
  ADD PRIMARY KEY (`id_penjualan_d`);

--
-- Indexes for table `pj_penjualan_master`
--
ALTER TABLE `pj_penjualan_master`
  ADD PRIMARY KEY (`id_penjualan_m`);

--
-- Indexes for table `pj_user`
--
ALTER TABLE `pj_user`
  ADD PRIMARY KEY (`id_user`);

--
-- AUTO_INCREMENT for dumped tables
--

--
-- AUTO_INCREMENT for table `pj_akses`
--
ALTER TABLE `pj_akses`
  MODIFY `id_akses` tinyint(1) UNSIGNED NOT NULL AUTO_INCREMENT, AUTO_INCREMENT=5;

--
-- AUTO_INCREMENT for table `pj_barang`
--
ALTER TABLE `pj_barang`
  MODIFY `id_barang` int(1) UNSIGNED NOT NULL AUTO_INCREMENT, AUTO_INCREMENT=18;

--
-- AUTO_INCREMENT for table `pj_kategori_barang`
--
ALTER TABLE `pj_kategori_barang`
  MODIFY `id_kategori_barang` mediumint(1) UNSIGNED NOT NULL AUTO_INCREMENT, AUTO_INCREMENT=9;

--
-- AUTO_INCREMENT for table `pj_merk_barang`
--
ALTER TABLE `pj_merk_barang`
  MODIFY `id_merk_barang` mediumint(1) UNSIGNED NOT NULL AUTO_INCREMENT, AUTO_INCREMENT=18;

--
-- AUTO_INCREMENT for table `pj_pelanggan`
--
ALTER TABLE `pj_pelanggan`
  MODIFY `id_pelanggan` mediumint(1) UNSIGNED NOT NULL AUTO_INCREMENT, AUTO_INCREMENT=22;

--
-- AUTO_INCREMENT for table `pj_penjualan_detail`
--
ALTER TABLE `pj_penjualan_detail`
  MODIFY `id_penjualan_d` int(1) UNSIGNED NOT NULL AUTO_INCREMENT, AUTO_INCREMENT=28;

--
-- AUTO_INCREMENT for table `pj_penjualan_master`
--
ALTER TABLE `pj_penjualan_master`
  MODIFY `id_penjualan_m` int(1) UNSIGNED NOT NULL AUTO_INCREMENT, AUTO_INCREMENT=17;

--
-- AUTO_INCREMENT for table `pj_user`
--
ALTER TABLE `pj_user`
  MODIFY `id_user` mediumint(1) UNSIGNED NOT NULL AUTO_INCREMENT, AUTO_INCREMENT=8;
COMMIT;

/*!40101 SET CHARACTER_SET_CLIENT=@OLD_CHARACTER_SET_CLIENT */;
/*!40101 SET CHARACTER_SET_RESULTS=@OLD_CHARACTER_SET_RESULTS */;
/*!40101 SET COLLATION_CONNECTION=@OLD_COLLATION_CONNECTION */;
